{"initial_reset_timestamp": 875324.836253372, "timestamps": [875341.684243583, 875358.484453331, 875366.865929885, 875375.215512063, 875383.564968975, 875391.914958493, 875400.264517179, 875408.616046487, 875425.397074797, 875433.7974661], "episode_lengths": [500, 500, 500, 500, 500, 500, 500, 500, 500, 500], "episode_rewards": [500.0, 500.0, 500.0, 500.0, 500.0, 500.0, 500.0, 500.0, 500.0, 500.0], "episode_types": ["t", "t", "t", "t", "t", "t", "t", "t", "t", "t"]}